record,timestamp,input_file,operation,result
a2c9d921-823e-495b-98d9-8bda44409ad2,1639464590,,1.0 + 2.0,3.0
d0bad303-7a74-47c3-b736-66043630570e,1639464598,,4.0 * 4.0,16.0
27f1ca62-d650-4a45-a81a-4ae1e6a8cbd5,1639464787,,1.0 + 2.0,3.0
ff235e59-7fa9-4282-92df-f9c6fde7530a,1639464787,,2.0 + 2.0,4.0
1a75e237-cd46-4020-817c-46a634e9f460,1639464787,,2.0 + 2.0,4.0
b14cec8f-f6e7-4397-a4e8-c873483d6d65,1639464787,,2.0 + 2.0,4.0
a1ea880b-3982-4e0e-b149-5e29a0da09c8,1639464787,,2.0 + 2.0,4.0
9aae85ce-3ff5-455b-b797-6b0d8abcd32f,1639464787,,2.0 + 2.0,4.0
76543d95-ee2a-44f2-89e1-456f657c1f18,1639464787,,2.0 + 2.0,4.0
956bcff2-ec2a-4fb8-a95c-979c911e95ef,1639464787,,3.0 + 1.0,4.0
8a46bb8f-35d5-46f8-b42b-1e5f9b6b7b36,1639464787,,3.0 + 1.0,4.0
0226d96f-4769-4d63-a459-f985a9c4254b,1639464787,,2.0 + 1.0,3.0
4de80f05-958a-4485-9d0a-95f9b3d1375b,1639464787,,5.0 + 3.0,8.0
5eda896d-c2f0-464f-b753-c86f0d8498cf,1639464787,,2.0 + 2.0,4.0
e28bd277-3e1b-40cd-b63d-8087aef3a3c7,1639464787,,9.0 + 3.0,12.0
05df8dc0-f2b6-4202-bce7-ba3093b2ba28,1639464787,,3.0 - 1.0,2.0
6698928f-e5ea-4457-8114-fcf290bcd3bc,1639464787,,2.0 + 2.0,4.0
24cbc2e0-1b85-46d1-96ff-f481a5da7f28,1639464787,,3.0 + 2.0,5.0
0052dfe4-e975-442b-88a7-6355ab137148,1639464787,,3.0 + 2.0,5.0
8a14a908-1fae-441c-8236-9c6554aa4c1b,1639464787,,3.0 + 2.0,5.0
f130e72f-e10b-4859-82a5-acd390f432b7,1639464787,,3.0 + 2.0,5.0
8fd89b2a-3d7c-4cd3-97a5-1f8f78f0ea0e,1639464787,,3.0 + 2.0,5.0
f6e9eb1b-45a2-40d9-91c9-9141468cdc91,1639464787,,1.0 + 2.0 + 3.0 + 4.0,10.0
d0db5451-ca96-4769-80ff-a944528c8924,1639464787,,1.0 - 2.0 - 3.0 - 4.0,-8.0
6b750d6d-bb6e-4d43-b269-b842c524765a,1639464787,,1.0 * 2.0 * 3.0 * 4.0,24.0
feaa8893-a787-4ec5-9c39-7bcb937f4e05,1639464787,,1.0 / 2.0 / 3.0 / 4.0,0.041666666666666664
8cf0375b-b33d-4a1f-b749-ab5bccef2033,1639464787,,1.0 + 8.0,9.0
667965d4-d2f6-40b1-90e1-9e69c0175fcc,1639464787,,9.0 + 16.0,25.0
07434bd7-3eb3-4c30-9688-0546128bda6b,1639464787,,2.0 + 19.0,21.0
d3c6a40a-62e6-4e37-931d-30a86fd58cdb,1639464787,,11.0 + 15.0,26.0
47019ccb-c37c-487c-8a92-cf25e51be52c,1639464787,,15.0 + 18.0,33.0
fdf19d65-96a2-41fd-bb75-728a91beed51,1639464787,,1.0 + 9.0 + 1.0,11.0
2b8559ff-bff3-429a-a825-a41388249f8d,1639464787,,8.0 + 8.0 + 1.0,17.0
60fc0d7a-4cca-48a0-8c10-6f5c174ad892,1639464787,,16.0 + 13.0 + 6.0,35.0
55846327-e85c-45f1-8d1f-cd39306ce2cb,1639464787,,6.0 + 4.0 + 7.0,17.0
0c371453-50fb-4c88-9cee-60e8b8b8842d,1639464787,,10.0 + 14.0 + 9.0 + 2.0,35.0
f890817f-5566-4ee9-b037-ab03df4f9437,1639464787,,1.0 + 1.0 + 1.0 + 15.0,18.0
07c0e138-ee32-45fe-a72a-3af9af9aa167,1639464787,,3.0 + 1.0 + 7.0 + 4.0,15.0
f6caf91a-6663-48e5-8128-eb64bb7ece71,1639464787,,8.0 + 16.0 + 5.0 + 6.0,35.0
0facf674-4b13-4c35-9ef2-4df1bc9eabbf,1639464787,,13.0 + 3.0 + 1.0 + 5.0,22.0
9677662c-8941-4d85-a8ea-6b3e08159ee6,1639464787,,1.0 - 8.0,-7.0
006ba7b7-8b6d-44a6-bc67-4b8f5e019245,1639464787,,9.0 - 16.0,-7.0
9aa05b77-8de0-4bb2-9394-667e2ecf8982,1639464787,,2.0 - 19.0,-17.0
7b7f14d6-c1ae-42ce-b292-bb59286ac9be,1639464787,,11.0 - 15.0,-4.0
8dabbf80-f41a-4cd5-a23d-513016cf6a86,1639464787,,15.0 - 18.0,-3.0
50226a91-f7dd-4ea3-853c-5d4c1eab41fd,1639464787,,1.0 - 9.0 - 1.0,-9.0
58d70530-0b12-46a6-aab3-e575e0f02b5b,1639464787,,8.0 - 8.0 - 1.0,-1.0
09c68b40-db8b-4559-ae4e-e9b30a3d4af1,1639464787,,16.0 - 13.0 - 6.0,-3.0
7481b96b-d5a9-4788-a777-60a60e253ca0,1639464787,,6.0 - 4.0 - 7.0,-5.0
a37706f4-2873-42e9-95b4-e4ad86bd765f,1639464787,,10.0 - 14.0 - 9.0 - 2.0,-15.0
7496e604-e9d6-4800-9a62-823839e7fe95,1639464787,,1.0 - 1.0 - 1.0 - 15.0,-16.0
166dd085-d9b2-47a6-a31a-b2514746b4ee,1639464787,,3.0 - 1.0 - 7.0 - 4.0,-9.0
7773e45c-dcd8-46d6-b7d4-c455e768122c,1639464787,,8.0 - 16.0 - 5.0 - 6.0,-19.0
62ca6935-0ccd-4cef-aab0-bcd5fe3e0f24,1639464787,,13.0 - 3.0 - 1.0 - 5.0,4.0
362f857b-79ee-41e7-b36e-af8d53193b62,1639464787,,1.0 * 8.0,8.0
937f0565-1cdc-4ac6-82b9-9d53029ce4d9,1639464787,,9.0 * 16.0,144.0
86414b6d-d6c9-4f2b-a7f8-2bc6a27d5597,1639464787,,2.0 * 19.0,38.0
e6cd82bc-f2c2-443d-ba99-99117ba15d88,1639464787,,11.0 * 15.0,165.0
0b30e8ca-1979-4556-9d91-37264d8ac3b2,1639464787,,15.0 * 18.0,270.0
73741217-adc0-49e3-af4c-64a725cf7c75,1639464787,,1.0 * 9.0 * 1.0,9.0
2ac0ad56-268c-4c72-b856-e5a722927986,1639464787,,8.0 * 8.0 * 1.0,64.0
222bd1a9-173d-433e-9d19-ec4992eb9b3d,1639464787,,16.0 * 13.0 * 6.0,1248.0
83dfc841-0ea6-47a5-9b32-fdbf59a38aa4,1639464787,,6.0 * 4.0 * 7.0,168.0
84856db0-0b30-4db3-ac3e-3c2bed79f8c9,1639464787,,10.0 * 14.0 * 9.0 * 2.0,2520.0
aed657fb-8f8a-47df-a09b-af865bad7460,1639464787,,1.0 * 1.0 * 1.0 * 15.0,15.0
4c8dedca-40e8-4fff-a3bc-91ad22fd82f4,1639464787,,3.0 * 1.0 * 7.0 * 4.0,84.0
8afd501f-2c26-4059-9aaf-2071c86d7485,1639464787,,8.0 * 16.0 * 5.0 * 6.0,3840.0
3aeaec1f-5400-46ef-b51f-d235fb6328e8,1639464787,,13.0 * 3.0 * 1.0 * 5.0,195.0
4960cc46-2b99-4ed3-8ef0-b7ffbc4cce54,1639464787,,1.0 / 8.0,0.125
4110f5b1-a541-46c4-8871-57447b312e6b,1639464787,,9.0 / 16.0,0.5625
9bbdcc90-ed86-4f6b-8837-fddc8965ae02,1639464787,,2.0 / 19.0,0.10526315789473684
5fe31a17-fbcd-4f6f-8ac0-43114e4977d5,1639464787,,11.0 / 15.0,0.7333333333333333
97c1ea1e-1d89-480a-a1a5-5369bc12bbad,1639464787,,15.0 / 18.0,0.8333333333333334
f77f8e0b-d2b2-496c-a248-7a9085e0fe58,1639464787,,1.0 / 9.0 / 1.0,0.1111111111111111
461406ce-7df7-4a94-a50b-231285c36c4b,1639464787,,8.0 / 8.0 / 1.0,1.0
0f75577f-1428-4e71-91eb-815c559b16dd,1639464787,,16.0 / 13.0 / 6.0,0.20512820512820515
c636766d-2af9-4472-8c41-435caed429d1,1639464787,,6.0 / 4.0 / 7.0,0.21428571428571427
d35f261f-1955-46b1-8e50-db7a01dd8783,1639464787,,10.0 / 14.0 / 9.0 / 2.0,0.03968253968253968
f38991fc-90cc-4c7b-8eb1-fe561c41a1c7,1639464787,,1.0 / 1.0 / 1.0 / 15.0,0.06666666666666667
68472313-097f-492e-aa3c-0853c3fc4469,1639464787,,3.0 / 1.0 / 7.0 / 4.0,0.10714285714285714
8bd7ebc2-dad8-4688-af5f-8de4abb27c8b,1639464787,,8.0 / 16.0 / 5.0 / 6.0,0.016666666666666666
ca63cda6-550d-4cf9-8508-25366c5824c4,1639464787,,13.0 / 3.0 / 1.0 / 5.0,0.8666666666666666
